Workbook

Sheet Dashboard
A2: BharatVote — Election Results & Analytics Dashboard
A3: Comprehensive Election Analytics • Real-Time Insights • Data-Driven Democracy
A6: Total Registered Voters | D6: Total Votes Cast | G6: Overall Turnout % | J6: Leading Party
A7: =COUNTA('Raw Data'!B2:B1001) -> 1000 | D7: =COUNTIF('Raw Data'!E2:E1001,TRUE()) -> 491 | G7: =COUNTIF('Raw Data'!E2:E1001,TRUE())/COUNTA('Raw Data'!B2:B1001) -> 0.491 | J7: =INDEX(Helper!F3:F5,MATCH(MAX(Helper!G3:G5),Helper!G3:G5,0)) -> Unity Alliance
A10: DETAILED ANALYTICS
A12: CONSTITUENCY PERFORMANCE
A13: Constituency | C13: Registered | E13: Votes Cast | F13: Turnout %
A14: =Helper!A3 -> New Delhi | C14: =Helper!B3 -> 321 | E14: =Helper!C3 -> 164 | F14: =Helper!D3 -> 0.51090343
A15: =Helper!A4 -> Mumbai South | C15: =Helper!B4 -> 335 | E15: =Helper!C4 -> 157 | F15: =Helper!D4 -> 0.46865672
A16: =Helper!A5 -> Bangalore Central | C16: =Helper!B5 -> 344 | E16: =Helper!C5 -> 170 | F16: =Helper!D5 -> 0.49418605
A19: VOTER APPROVAL STATUS
A20: Status | C20: Count | E20: Share %
A21: =Helper!A25 -> Approved | C21: =Helper!B25 -> 303 | E21: =Helper!C25 -> 0.303
A22: =Helper!A26 -> Pending | C22: =Helper!B26 -> 369 | E22: =Helper!C26 -> 0.369
A23: =Helper!A27 -> Rejected | C23: =Helper!B27 -> 328 | E23: =Helper!C27 -> 0.328
A46: KEY INSIGHTS
A47: ="Highest turnout: "&INDEX(Helper!A3:A5,MATCH(MAX(Helper!D3:D5),Helper!D3:D5,0))&" at "&TEXT(MAX(Helper!D3:D5),"0.0%")&", lowest: "&INDEX(Helper!A3:A5,MATCH(MIN(Helper!D3:D5),Helper!D3:D5,0))&" at "&TEXT(MIN(Helper!D3:D5),"0.0%")&"." -> Highest turnout: New Delhi at 51.1%, lowest: Mumbai South at 46.9%.
A48: ="Leading party: "&INDEX(Helper!F3:F5,MATCH(MAX(Helper!G3:G5),Helper!G3:G5,0))&" with "&TEXT(MAX(Helper!H3:H5),"0.0%")&" vote share." -> Leading party: Unity Alliance with 33.6% vote share.
A49: ="Voter approval pipeline: "&TEXT(Helper!C25,"0.0%")&" approved, "&TEXT(Helper!C26,"0.0%")&" pending, "&TEXT(Helper!C27,"0.0%")&" rejected." -> Voter approval pipeline: 30.3% approved, 36.9% pending, 32.8% rejected.
A51: ="Report generated: "&TEXT(TODAY(),"dd mmm yyyy") -> Report generated: 18 Jul 2026 | H51: Data source: BharatVote Voter & Election Database
A53: BharatVote © 2026 • Powered by EPIC-Based Voter Registration • Constituency-Locked Voting System

Sheet Raw Data
A1: ID | B1: Voter EPIC Number | C1: Voter Name | D1: Voter Constituency | E1: Has Voted | F1: Voter Status | G1: Candidate ID | H1: Candidate Name | I1: Candidate Party | J1: Candidate Constituency | K1: Candidate Votes | L1: Vote Timestamp
A2: 1 | B2: EPIC100001 | C2: Annabel Pactat | D2: New Delhi | E2: =TRUE() -> TRUE | F2: REJECTED | G2: 1 | H2: Shurwood Berr | I2: Progressive Party | J2: Mumbai South | K2: =IF(E2=TRUE(),1,0) -> 1 | L2: 46218.292
A3: 2 | B3: EPIC100002 | C3: Bernhard Ellings | D3: New Delhi | E3: =FALSE() -> FALSE | F3: APPROVED | G3: 2 | H3: Gregory Urrey | I3: Progressive Party | J3: Mumbai South | K3: =IF(E3=TRUE(),1,0) -> 0
A4: 3 | B4: EPIC100003 | C4: Andres Schankel | D4: Mumbai South | E4: =TRUE() -> TRUE | F4: PENDING | G4: 3 | H4: Ole Columbine | I4: Unity Alliance | J4: Bangalore Central | K4: =IF(E4=TRUE(),1,0) -> 1 | L4: 46218.292
A5: 4 | B5: EPIC100004 | C5: Carrissa Feeney | D5: Bangalore Central | E5: =TRUE() -> TRUE | F5: PENDING | G5: 4 | H5: Noella Jorgensen | I5: Progressive Party | J5: Bangalore Central | K5: =IF(E5=TRUE(),1,0) -> 1 | L5: 46218.293
A6: 5 | B6: EPIC100005 | C6: Bette Sayse | D6: Bangalore Central | E6: =TRUE() -> TRUE | F6: APPROVED | G6: 5 | H6: Lorri Forseith | I6: Progressive Party | J6: Mumbai South | K6: =IF(E6=TRUE(),1,0) -> 1 | L6: 46218.293
A7: 6 | B7: EPIC100006 | C7: Berty Georgescu | D7: Bangalore Central | E7: =TRUE() -> TRUE | F7: PENDING | G7: 6 | H7: Malissia Loudiane | I7: People's Front | J7: Bangalore Central | K7: =IF(E7=TRUE(),1,0) -> 1 | L7: 46218.294
A8: 7 | B8: EPIC100007 | C8: Dorena Sagerson | D8: Bangalore Central | E8: =FALSE() -> FALSE | F8: REJECTED | G8: 7 | H8: Care Ciabatteri | I8: Progressive Party | J8: Bangalore Central | K8: =IF(E8=TRUE(),1,0) -> 0
A9: 8 | B9: EPIC100008 | C9: Laurent Prine | D9: New Delhi | E9: =FALSE() -> FALSE | F9: REJECTED | G9: 8 | H9: Phineas Shelsher | I9: People's Front | J9: New Delhi | K9: =IF(E9=TRUE(),1,0) -> 0
A10: 9 | B10: EPIC100009 | C10: Vilhelmina State | D10: Mumbai South | E10: =TRUE() -> TRUE | F10: PENDING | G10: 9 | H10: Halette Creggan | I10: Progressive Party | J10: Mumbai South | K10: =IF(E10=TRUE(),1,0) -> 1 | L10: 46218.294
A11: 10 | B11: EPIC100010 | C11: Maxi Filmer | D11: Bangalore Central | E11: =FALSE() -> FALSE | F11: PENDING | G11: 10 | H11: Merell Crass | I11: Unity Alliance | J11: Mumbai South | K11: =IF(E11=TRUE(),1,0) -> 0
A12: 11 | B12: EPIC100011 | C12: Ernest Marsden | D12: New Delhi | E12: =TRUE() -> TRUE | F12: APPROVED | G12: 11 | H12: Tarra Pulhoster | I12: People's Front | J12: Bangalore Central | K12: =IF(E12=TRUE(),1,0) -> 1 | L12: 46218.297
A13: 12 | B13: EPIC100012 | C13: Kendrick Hasslocher | D13: Mumbai South | E13: =TRUE() -> TRUE | F13: REJECTED | G13: 12 | H13: Grantley Medcraft | I13: Progressive Party | J13: New Delhi | K13: =IF(E13=TRUE(),1,0) -> 1 | L13: 46218.297
A14: 13 | B14: EPIC100013 | C14: Morlee O'Neill | D14: New Delhi | E14: =TRUE() -> TRUE | F14: PENDING | G14: 13 | H14: Rolfe Lorraway | I14: Unity Alliance | J14: Mumbai South | K14: =IF(E14=TRUE(),1,0) -> 1 | L14: 46218.298
A15: 14 | B15: EPIC100014 | C15: Bella Bullocke | D15: New Delhi | E15: =FALSE() -> FALSE | F15: PENDING | G15: 14 | H15: Jennie Mabbutt | I15: Unity Alliance | J15: Mumbai South | K15: =IF(E15=TRUE(),1,0) -> 0
A16: 15 | B16: EPIC100015 | C16: Konstantine Terese | D16: Mumbai South | E16: =TRUE() -> TRUE | F16: APPROVED | G16: 15 | H16: Maximo Scouller | I16: People's Front | J16: Mumbai South | K16: =IF(E16=TRUE(),1,0) -> 1 | L16: 46218.299
A17: 16 | B17: EPIC100016 | C17: Carlene Beviss | D17: Mumbai South | E17: =FALSE() -> FALSE | F17: REJECTED | G17: 16 | H17: Allard Morais | I17: Unity Alliance | J17: Mumbai South | K17: =IF(E17=TRUE(),1,0) -> 0
A18: 17 | B18: EPIC100017 | C18: Lacy Staves | D18: New Delhi | E18: =FALSE() -> FALSE | F18: APPROVED | G18: 17 | H18: Colleen Jeffrey | I18: People's Front | J18: Bangalore Central | K18: =IF(E18=TRUE(),1,0) -> 0
A19: 18 | B19: EPIC100018 | C19: Imogene Grigoryov | D19: New Delhi | E19: =TRUE() -> TRUE | F19: APPROVED | G19: 18 | H19: Michele Paradise | I19: Unity Alliance | J19: Bangalore Central | K19: =IF(E19=TRUE(),1,0) -> 1 | L19: 46218.299
A20: 19 | B20: EPIC100019 | C20: Whit Deplacido | D20: New Delhi | E20: =TRUE() -> TRUE | F20: REJECTED | G20: 19 | H20: Galvin Barhims | I20: People's Front | J20: Bangalore Central | K20: =IF(E20=TRUE(),1,0) -> 1 | L20: 46218.3
A21: 20 | B21: EPIC100020 | C21: Trumann Slidders | D21: Bangalore Central | E21: =TRUE() -> TRUE | F21: PENDING | G21: 20 | H21: Peria Loggie | I21: People's Front | J21: Mumbai South | K21: =IF(E21=TRUE(),1,0) -> 1 | L21: 46218.303
A22: 21 | B22: EPIC100021 | C22: Ken Rowswell | D22: Bangalore Central | E22: =FALSE() -> FALSE | F22: APPROVED | G22: 21 | H22: Blane Cammis | I22: Unity Alliance | J22: New Delhi | K22: =IF(E22=TRUE(),1,0) -> 0
A23: 22 | B23: EPIC100022 | C23: Alano Eyers | D23: Bangalore Central | E23: =TRUE() -> TRUE | F23: APPROVED | G23: 22 | H23: Trey Oliphard | I23: Progressive Party | J23: Mumbai South | K23: =IF(E23=TRUE(),1,0) -> 1 | L23: 46218.306
A24: 23 | B24: EPIC100023 | C24: Ferrell Whatman | D24: New Delhi | E24: =TRUE() -> TRUE | F24: APPROVED | G24: 23 | H24: Raye Filov | I24: Unity Alliance | J24: New Delhi | K24: =IF(E24=TRUE(),1,0) -> 1 | L24: 46218.308
A25: 24 | B25: EPIC100024 | C25: Nikita Sadd | D25: Mumbai South | E25: =TRUE() -> TRUE | F25: PENDING | G25: 24 | H25: Marc Dhillon | I25: Unity Alliance | J25: New Delhi | K25: =IF(E25=TRUE(),1,0) -> 1 | L25: 46218.31
A26: 25 | B26: EPIC100025 | C26: Maximilien Mazella | D26: Mumbai South | E26: =TRUE() -> TRUE | F26: PENDING | G26: 25 | H26: Normie Grafom | I26: Progressive Party | J26: Mumbai South | K26: =IF(E26=TRUE(),1,0) -> 1 | L26: 46218.31
A27: 26 | B27: EPIC100026 | C27: Horacio Lawley | D27: New Delhi | E27: =TRUE() -> TRUE | F27: PENDING | G27: 26 | H27: Darice Keatley | I27: Progressive Party | J27: Mumbai South | K27: =IF(E27=TRUE(),1,0) -> 1 | L27: 46218.311
A28: 27 | B28: EPIC100027 | C28: Teressa Camilleri | D28: Mumbai South | E28: =TRUE() -> TRUE | F28: PENDING | G28: 27 | H28: Grover Flynn | I28: Progressive Party | J28: New Delhi | K28: =IF(E28=TRUE(),1,0) -> 1 | L28: 46218.312
A29: 28 | B29: EPIC100028 | C29: Quintana Balsellie | D29: Mumbai South | E29: =FALSE() -> FALSE | F29: APPROVED | G29: 28 | H29: Morlee Houlaghan | I29: Progressive Party | J29: Mumbai South | K29: =IF(E29=TRUE(),1,0) -> 0
A30: 29 | B30: EPIC100029 | C30: Maxwell Fernan | D30: New Delhi | E30: =FALSE() -> FALSE | F30: PENDING | G30: 29 | H30: Alfie Spurret | I30: Unity Alliance | J30: Bangalore Central | K30: =IF(E30=TRUE(),1,0) -> 0
A31: 30 | B31: EPIC100030 | C31: Hedda Merring | D31: Mumbai South | E31: =TRUE() -> TRUE | F31: PENDING | G31: 30 | H31: Erny Openshaw | I31: Progressive Party | J31: Mumbai South | K31: =IF(E31=TRUE(),1,0) -> 1 | L31: 46218.313
A32: 31 | B32: EPIC100031 | C32: Massimiliano Raft | D32: Mumbai South | E32: =TRUE() -> TRUE | F32: PENDING | G32: 31 | H32: Myra Willacot | I32: Progressive Party | J32: Bangalore Central | K32: =IF(E32=TRUE(),1,0) -> 1 | L32: 46218.314
A33: 32 | B33: EPIC100032 | C33: Tyrus Kunrad | D33: New Delhi | E33: =TRUE() -> TRUE | F33: REJECTED | G33: 32 | H33: Lindy Medcraft | I33: Progressive Party | J33: New Delhi | K33: =IF(E33=TRUE(),1,0) -> 1 | L33: 46218.315
A34: 33 | B34: EPIC100033 | C34: Isadora Philip | D34: Bangalore Central | E34: =FALSE() -> FALSE | F34: APPROVED | G34: 33 | H34: Vina Caffrey | I34: Unity Alliance | J34: Mumbai South | K34: =IF(E34=TRUE(),1,0) -> 0
A35: 34 | B35: EPIC100034 | C35: Dud Schulze | D35: New Delhi | E35: =FALSE() -> FALSE | F35: PENDING | G35: 34 | H35: Kristien Caillou | I35: People's Front | J35: New Delhi | K35: =IF(E35=TRUE(),1,0) -> 0
A36: 35 | B36: EPIC100035 | C36: Batsheva Cuttle | D36: New Delhi | E36: =FALSE() -> FALSE | F36: REJECTED | G36: 35 | H36: Pansie Ormerod | I36: Progressive Party | J36: New Delhi | K36: =IF(E36=TRUE(),1,0) -> 0
A37: 36 | B37: EPIC100036 | C37: Thaddeus Lipman | D37: Bangalore Central | E37: =FALSE() -> FALSE | F37: REJECTED | G37: 36 | H37: Melisse Pantecost | I37: Unity Alliance | J37: Bangalore Central | K37: =IF(E37=TRUE(),1,0) -> 0
A38: 37 | B38: EPIC100037 | C38: Lindie Ruit | D38: Mumbai South | E38: =FALSE() -> FALSE | F38: APPROVED | G38: 37 | H38: Abigail Summerside | I38: People's Front | J38: Bangalore Central | K38: =IF(E38=TRUE(),1,0) -> 0
A39: 38 | B39: EPIC100038 | C39: Frasco Tassell | D39: Bangalore Central | E39: =FALSE() -> FALSE | F39: APPROVED | G39: 38 | H39: Jessey Domanski | I39: Progressive Party | J39: New Delhi | K39: =IF(E39=TRUE(),1,0) -> 0
A40: 39 | B40: EPIC100039 | C40: Corie MacMurray | D40: Bangalore Central | E40: =FALSE() -> FALSE | F40: APPROVED | G40: 39 | H40: Aida Newark | I40: Progressive Party | J40: Bangalore Central | K40: =IF(E40=TRUE(),1,0) -> 0
A41: 40 | B41: EPIC100040 | C41: Samson Kinnane | D41: Bangalore Central | E41: =TRUE() -> TRUE | F41: REJECTED | G41: 40 | H41: Tremain Shobrook | I41: Progressive Party | J41: Mumbai South | K41: =IF(E41=TRUE(),1,0) -> 1 | L41: 46218.316
A42: 41 | B42: EPIC100041 | C42: Roshelle Frie | D42: Bangalore Central | E42: =TRUE() -> TRUE | F42: REJECTED | G42: 41 | H42: Austina Stanbury | I42: People's Front | J42: Mumbai South | K42: =IF(E42=TRUE(),1,0) -> 1 | L42: 46218.316
A43: 42 | B43: EPIC100042 | C43: Andris Shard | D43: Mumbai South | E43: =FALSE() -> FALSE | F43: APPROVED | G43: 42 | H43: Pavia McHardy | I43: People's Front | J43: New Delhi | K43: =IF(E43=TRUE(),1,0) -> 0
A44: 43 | B44: EPIC100043 | C44: Vivianna Gynn | D44: New Delhi | E44: =TRUE() -> TRUE | F44: APPROVED | G44: 43 | H44: Ariana Ivashnikov | I44: People's Front | J44: New Delhi | K44: =IF(E44=TRUE(),1,0) -> 1 | L44: 46218.319
A45: 44 | B45: EPIC100044 | C45: Pryce Soeiro | D45: Mumbai South | E45: =TRUE() -> TRUE | F45: APPROVED | G45: 44 | H45: Hubert Cabena | I45: Progressive Party | J45: Mumbai South | K45: =IF(E45=TRUE(),1,0) -> 1 | L45: 46218.321
A46: 45 | B46: EPIC100045 | C46: Nollie Duinbleton | D46: Mumbai South | E46: =TRUE() -> TRUE | F46: REJECTED | G46: 45 | H46: Worthy Folan | I46: People's Front | J46: Bangalore Central | K46: =IF(E46=TRUE(),1,0) -> 1 | L46: 46218.321
A47: 46 | B47: EPIC100046 | C47: Sylvan McGarva | D47: New Delhi | E47: =TRUE() -> TRUE | F47: PENDING | G47: 46 | H47: Blondelle Ebdin | I47: People's Front | J47: Mumbai South | K47: =IF(E47=TRUE(),1,0) -> 1 | L47: 46218.322
A48: 47 | B48: EPIC100047 | C48: Nola Grennan | D48: Mumbai South | E48: =FALSE() -> FALSE | F48: REJECTED | G48: 47 | H48: Reba Chue | I48: Progressive Party | J48: Bangalore Central | K48: =IF(E48=TRUE(),1,0) -> 0
A49: 48 | B49: EPIC100048 | C49: Dav Maudling | D49: New Delhi | E49: =FALSE() -> FALSE | F49: REJECTED | G49: 48 | H49: Sayer Punter | I49: Unity Alliance | J49: Mumbai South | K49: =IF(E49=TRUE(),1,0) -> 0
A50: 49 | B50: EPIC100049 | C50: Jeno Defont | D50: New Delhi | E50: =FALSE() -> FALSE | F50: REJECTED | G50: 49 | H50: Karol Bicker | I50: People's Front | J50: Bangalore Central | K50: =IF(E50=TRUE(),1,0) -> 0
A51: 50 | B51: EPIC100050 | C51: Gelya Bowlesworth | D51: New Delhi | E51: =TRUE() -> TRUE | F51: REJECTED | G51: 50 | H51: Hanna Antognoni | I51: People's Front | J51: Mumbai South | K51: =IF(E51=TRUE(),1,0) -> 1 | L51: 46218.322
A52: 51 | B52: EPIC100051 | C52: Kass Lathee | D52: Bangalore Central | E52: =FALSE() -> FALSE | F52: REJECTED | G52: 51 | H52: Hunter Siderfin | I52: Unity Alliance | J52: Mumbai South | K52: =IF(E52=TRUE(),1,0) -> 0
A53: 52 | B53: EPIC100052 | C53: Kimbell Bavage | D53: New Delhi | E53: =FALSE() -> FALSE | F53: PENDING | G53: 52 | H53: Brnaby Siflet | I53: Progressive Party | J53: Mumbai South | K53: =IF(E53=TRUE(),1,0) -> 0
A54: 53 | B54: EPIC100053 | C54: Verine Tschursch | D54: Mumbai South | E54: =TRUE() -> TRUE | F54: APPROVED | G54: 53 | H54: Adolpho Tulip | I54: Unity Alliance | J54: Mumbai South | K54: =IF(E54=TRUE(),1,0) -> 1 | L54: 46218.323
A55: 54 | B55: EPIC100054 | C55: Evelyn Errichiello | D55: Bangalore Central | E55: =FALSE() -> FALSE | F55: REJECTED | G55: 54 | H55: Benedetta Kirkam | I55: People's Front | J55: Bangalore Central | K55: =IF(E55=TRUE(),1,0) -> 0
A56: 55 | B56: EPIC100055 | C56: Miriam Twiggs | D56: Mumbai South | E56: =TRUE() -> TRUE | F56: REJECTED | G56: 55 | H56: Hi Kagan | I56: Progressive Party | J56: New Delhi | K56: =IF(E56=TRUE(),1,0) -> 1 | L56: 46218.325
A57: 56 | B57: EPIC100056 | C57: Jefferey Juris | D57: Bangalore Central | E57: =FALSE() -> FALSE | F57: REJECTED | G57: 56 | H57: Milicent Torr | I57: People's Front | J57: Mumbai South | K57: =IF(E57=TRUE(),1,0) -> 0
A58: 57 | B58: EPIC100057 | C58: Helaine Haffenden | D58: New Delhi | E58: =TRUE() -> TRUE | F58: APPROVED | G58: 57 | H58: Michale Killimister | I58: People's Front | J58: New Delhi | K58: =IF(E58=TRUE(),1,0) -> 1 | L58: 46218.325
A59: 58 | B59: EPIC100058 | C59: Alexia Scollick | D59: New Delhi | E59: =TRUE() -> TRUE | F59: REJECTED | G59: 58 | H59: Iona Last | I59: Progressive Party | J59: Mumbai South | K59: =IF(E59=TRUE(),1,0) -> 1 | L59: 46218.325
A60: 59 | B60: EPIC100059 | C60: Ofelia Stiggers | D60: Bangalore Central | E60: =FALSE() -> FALSE | F60: REJECTED | G60: 59 | H60: Ardenia Janjusevic | I60: Unity Alliance | J60: New Delhi | K60: =IF(E60=TRUE(),1,0) -> 0
A61: 60 | B61: EPIC100060 | C61: Geoff Huckell | D61: New Delhi | E61: =TRUE() -> TRUE | F61: PENDING | G61: 60 | H61: Curry Wiggans | I61: People's Front | J61: Mumbai South | K61: =IF(E61=TRUE(),1,0) -> 1 | L61: 46218.326
A62: 61 | B62: EPIC100061 | C62: Dari Chezier | D62: New Delhi | E62: =FALSE() -> FALSE | F62: REJECTED | G62: 61 | H62: Marisa Destouche | I62: Progressive Party | J62: Bangalore Central | K62: =IF(E62=TRUE(),1,0) -> 0
A63: 62 | B63: EPIC100062 | C63: Bruis Huban | D63: Mumbai South | E63: =FALSE() -> FALSE | F63: APPROVED | G63: 62 | H63: Tyrone Ilbert | I63: People's Front | J63: Bangalore Central | K63: =IF(E63=TRUE(),1,0) -> 0
A64: 63 | B64: EPIC100063 | C64: Kora Flanigan | D64: New Delhi | E64: =FALSE() -> FALSE | F64: PENDING | G64: 63 | H64: Vassili Wolffers | I64: People's Front | J64: Mumbai South | K64: =IF(E64=TRUE(),1,0) -> 0
A65: 64 | B65: EPIC100064 | C65: Tamera Fawbert | D65: Bangalore Central | E65: =TRUE() -> TRUE | F65: PENDING | G65: 64 | H65: Loralie Vaskov | I65: Unity Alliance | J65: New Delhi | K65: =IF(E65=TRUE(),1,0) -> 1 | L65: 46218.327
A66: 65 | B66: EPIC100065 | C66: Benoite Barnshaw | D66: New Delhi | E66: =TRUE() -> TRUE | F66: REJECTED | G66: 65 | H66: Rriocard Althorpe | I66: Progressive Party | J66: Mumbai South | K66: =IF(E66=TRUE(),1,0) -> 1 | L66: 46218.33
A67: 66 | B67: EPIC100066 | C67: Jonas Showte | D67: New Delhi | E67: =FALSE() -> FALSE | F67: APPROVED | G67: 66 | H67: Ewell Filgate | I67: Progressive Party | J67: New Delhi | K67: =IF(E67=TRUE(),1,0) -> 0
A68: 67 | B68: EPIC100067 | C68: Feliza Flament | D68: Bangalore Central | E68: =TRUE() -> TRUE | F68: REJECTED | G68: 67 | H68: Barb Boshere | I68: Unity Alliance | J68: New Delhi | K68: =IF(E68=TRUE(),1,0) -> 1 | L68: 46218.33
A69: 68 | B69: EPIC100068 | C69: Orson Boles | D69: Bangalore Central | E69: =TRUE() -> TRUE | F69: APPROVED | G69: 68 | H69: Hiram Poker | I69: People's Front | J69: New Delhi | K69: =IF(E69=TRUE(),1,0) -> 1 | L69: 46218.33
A70: 69 | B70: EPIC100069 | C70: Richie Cummings | D70: Bangalore Central | E70: =TRUE() -> TRUE | F70: APPROVED | G70: 69 | H70: Delcina Lean | I70: People's Front | J70: Mumbai South | K70: =IF(E70=TRUE(),1,0) -> 1 | L70: 46218.333
A71: 70 | B71: EPIC100070 | C71: Lucy Enrrico | D71: New Delhi | E71: =TRUE() -> TRUE | F71: PENDING | G71: 70 | H71: Theodosia Robichon | I71: Progressive Party | J71: Mumbai South | K71: =IF(E71=TRUE(),1,0) -> 1 | L71: 46218.334
A72: 71 | B72: EPIC100071 | C72: Arlyne Boschmann | D72: New Delhi | E72: =FALSE() -> FALSE | F72: PENDING | G72: 71 | H72: Denice Coules | I72: Unity Alliance | J72: Bangalore Central | K72: =IF(E72=TRUE(),1,0) -> 0
A73: 72 | B73: EPIC100072 | C73: Rhiamon Safell | D73: Bangalore Central | E73: =TRUE() -> TRUE | F73: REJECTED | G73: 72 | H73: Rae Wroth | I73: Unity Alliance | J73: Mumbai South | K73: =IF(E73=TRUE(),1,0) -> 1 | L73: 46218.335
A74: 73 | B74: EPIC100073 | C74: Gregorius Peek | D74: Mumbai South | E74: =FALSE() -> FALSE | F74: REJECTED | G74: 73 | H74: Ethe Pawnsford | I74: Progressive Party | J74: Mumbai South | K74: =IF(E74=TRUE(),1,0) -> 0
A75: 74 | B75: EPIC100074 | C75: Boyce Gaymer | D75: Mumbai South | E75: =FALSE() -> FALSE | F75: REJECTED | G75: 74 | H75: Debra Killiam | I75: People's Front | J75: Mumbai South | K75: =IF(E75=TRUE(),1,0) -> 0
A76: 75 | B76: EPIC100075 | C76: Raviv Lernihan | D76: Mumbai South | E76: =TRUE() -> TRUE | F76: REJECTED | G76: 75 | H76: Billy Elloway | I76: People's Front | J76: New Delhi | K76: =IF(E76=TRUE(),1,0) -> 1 | L76: 46218.335
A77: 76 | B77: EPIC100076 | C77: Hadria Gores | D77: Bangalore Central | E77: =FALSE() -> FALSE | F77: REJECTED | G77: 76 | H77: Korry Cahillane | I77: Progressive Party | J77: Mumbai South | K77: =IF(E77=TRUE(),1,0) -> 0
A78: 77 | B78: EPIC100077 | C78: Lyndsie Munday | D78: New Delhi | E78: =TRUE() -> TRUE | F78: PENDING | G78: 77 | H78: Hermie Larham | I78: People's Front | J78: Mumbai South | K78: =IF(E78=TRUE(),1,0) -> 1 | L78: 46218.336
A79: 78 | B79: EPIC100078 | C79: Camel Robinson | D79: Mumbai South | E79: =FALSE() -> FALSE | F79: REJECTED | G79: 78 | H79: Marilee Hitter | I79: People's Front | J79: New Delhi | K79: =IF(E79=TRUE(),1,0) -> 0
A80: 79 | B80: EPIC100079 | C80: Marlin Walby | D80: Mumbai South | E80: =FALSE() -> FALSE | F80: PENDING | G80: 79 | H80: Robby Preedy | I80: Progressive Party | J80: Bangalore Central | K80: =IF(E80=TRUE(),1,0) -> 0
A81: 80 | B81: EPIC100080 | C81: Jeannine McMains | D81: Mumbai South | E81: =FALSE() -> FALSE | F81: REJECTED | G81: 80 | H81: Jada Plaister | I81: People's Front | J81: Bangalore Central | K81: =IF(E81=TRUE(),1,0) -> 0
A82: 81 | B82: EPIC100081 | C82: Hollis Renneke | D82: New Delhi | E82: =TRUE() -> TRUE | F82: REJECTED | G82: 81 | H82: Nedda Dohr | I82: People's Front | J82: Bangalore Central | K82: =IF(E82=TRUE(),1,0) -> 1 | L82: 46218.336
A83: 82 | B83: EPIC100082 | C83: Meade Tucker | D83: New Delhi | E83: =TRUE() -> TRUE | F83: APPROVED | G83: 82 | H83: Farica Wakely | I83: People's Front | J83: Bangalore Central | K83: =IF(E83=TRUE(),1,0) -> 1 | L83: 46218.336
A84: 83 | B84: EPIC100083 | C84: Clari Gladwish | D84: Bangalore Central | E84: =TRUE() -> TRUE | F84: APPROVED | G84: 83 | H84: Sabine Eke | I84: People's Front | J84: New Delhi | K84: =IF(E84=TRUE(),1,0) -> 1 | L84: 46218.336
A85: 84 | B85: EPIC100084 | C85: Cybill Potticary | D85: Mumbai South | E85: =TRUE() -> TRUE | F85: APPROVED | G85: 84 | H85: Luigi Penwright | I85: Progressive Party | J85: Mumbai South | K85: =IF(E85=TRUE(),1,0) -> 1 | L85: 46218.338
A86: 85 | B86: EPIC100085 | C86: Herbert Thornally | D86: Mumbai South | E86: =FALSE() -> FALSE | F86: PENDING | G86: 85 | H86: Margeaux Loweth | I86: Progressive Party | J86: Mumbai South | K86: =IF(E86=TRUE(),1,0) -> 0
A87: 86 | B87: EPIC100086 | C87: Tadeo Easton | D87: Bangalore Central | E87: =FALSE() -> FALSE | F87: PENDING | G87: 86 | H87: Rani Yakebovich | I87: Unity Alliance | J87: New Delhi | K87: =IF(E87=TRUE(),1,0) -> 0
A88: 87 | B88: EPIC100087 | C88: Olia Toupe | D88: Mumbai South | E88: =TRUE() -> TRUE | F88: APPROVED | G88: 87 | H88: Hy Halahan | I88: Unity Alliance | J88: New Delhi | K88: =IF(E88=TRUE(),1,0) -> 1 | L88: 46218.338
A89: 88 | B89: EPIC100088 | C89: Linn Ball | D89: Mumbai South | E89: =TRUE() -> TRUE | F89: APPROVED | G89: 88 | H89: Neely Klimov | I89: People's Front | J89: Bangalore Central | K89: =IF(E89=TRUE(),1,0) -> 1 | L89: 46218.34
A90: 89 | B90: EPIC100089 | C90: Merwin Speechly | D90: New Delhi | E90: =TRUE() -> TRUE | F90: APPROVED | G90: 89 | H90: Doralynn MacDermott | I90: Unity Alliance | J90: New Delhi | K90: =IF(E90=TRUE(),1,0) -> 1 | L90: 46218.34
A91: 90 | B91: EPIC100090 | C91: Heinrik Lawden | D91: Bangalore Central | E91: =TRUE() -> TRUE | F91: REJECTED | G91: 90 | H91: Denni Thon | I91: Unity Alliance | J91: Mumbai South | K91: =IF(E91=TRUE(),1,0) -> 1 | L91: 46218.342
A92: 91 | B92: EPIC100091 | C92: Britni Beet | D92: Mumbai South | E92: =TRUE() -> TRUE | F92: PENDING | G92: 91 | H92: Lesya Sidary | I92: Progressive Party | J92: Bangalore Central | K92: =IF(E92=TRUE(),1,0) -> 1 | L92: 46218.343
A93: 92 | B93: EPIC100092 | C93: Jacquenetta Goodere | D93: Bangalore Central | E93: =FALSE() -> FALSE | F93: PENDING | G93: 92 | H93: Tommi Seleway | I93: Progressive Party | J93: New Delhi | K93: =IF(E93=TRUE(),1,0) -> 0
A94: 93 | B94: EPIC100093 | C94: Jean Reichartz | D94: Bangalore Central | E94: =FALSE() -> FALSE | F94: REJECTED | G94: 93 | H94: Jamie Blazej | I94: Progressive Party | J94: Bangalore Central | K94: =IF(E94=TRUE(),1,0) -> 0
A95: 94 | B95: EPIC100094 | C95: Ellswerth Rawlings | D95: Mumbai South | E95: =FALSE() -> FALSE | F95: PENDING | G95: 94 | H95: Rheba Hortop | I95: Progressive Party | J95: Bangalore Central | K95: =IF(E95=TRUE(),1,0) -> 0
A96: 95 | B96: EPIC100095 | C96: Ranee Shannahan | D96: Bangalore Central | E96: =FALSE() -> FALSE | F96: PENDING | G96: 95 | H96: Chrissie Mordaunt | I96: Progressive Party | J96: Mumbai South | K96: =IF(E96=TRUE(),1,0) -> 0
A97: 96 | B97: EPIC100096 | C97: Leigh Gerlts | D97: New Delhi | E97: =TRUE() -> TRUE | F97: REJECTED | G97: 96 | H97: Winona Bassingham | I97: People's Front | J97: Mumbai South | K97: =IF(E97=TRUE(),1,0) -> 1 | L97: 46218.343
A98: 97 | B98: EPIC100097 | C98: Ilka Swafield | D98: Bangalore Central | E98: =FALSE() -> FALSE | F98: PENDING | G98: 97 | H98: Jaime Boxhall | I98: Progressive Party | J98: Bangalore Central | K98: =IF(E98=TRUE(),1,0) -> 0
A99: 98 | B99: EPIC100098 | C99: Frederik Stubs | D99: Mumbai South | E99: =TRUE() -> TRUE | F99: REJECTED | G99: 98 | H99: Calley Saffell | I99: People's Front | J99: New Delhi | K99: =IF(E99=TRUE(),1,0) -> 1 | L99: 46218.344
A100: 99 | B100: EPIC100099 | C100: Winnifred Ivins | D100: Mumbai South | E100: =FALSE() -> FALSE | F100: APPROVED | G100: 99 | H100: Rickey Greene | I100: Unity Alliance | J100: Bangalore Central | K100: =IF(E100=TRUE(),1,0) -> 0
...

Sheet Helper
A1: CONSTITUENCY SUMMARY | F1: PARTY VOTE SHARE
A2: Constituency | B2: Registered Voters | C2: Votes Cast | D2: Turnout % | F2: Party | G2: Total Votes | H2: Vote Share %
A3: New Delhi | B3: =COUNTIF('Raw Data'!D2:D1001,A3) -> 321 | C3: =COUNTIFS('Raw Data'!D2:D1001,A3,'Raw Data'!E2:E1001,TRUE()) -> 164 | D3: =IF(B3=0,0,C3/B3) -> 0.51090343 | F3: Progressive Party | G3: =SUMIF('Raw Data'!I2:I1001,F3,'Raw Data'!K2:K1001) -> 161 | H3: =IF(SUM(G$3:G$5)=0,0,G3/SUM(G$3:G$5)) -> 0.32790224
A4: Mumbai South | B4: =COUNTIF('Raw Data'!D2:D1001,A4) -> 335 | C4: =COUNTIFS('Raw Data'!D2:D1001,A4,'Raw Data'!E2:E1001,TRUE()) -> 157 | D4: =IF(B4=0,0,C4/B4) -> 0.46865672 | F4: Unity Alliance | G4: =SUMIF('Raw Data'!I2:I1001,F4,'Raw Data'!K2:K1001) -> 165 | H4: =IF(SUM(G$3:G$5)=0,0,G4/SUM(G$3:G$5)) -> 0.33604888
A5: Bangalore Central | B5: =COUNTIF('Raw Data'!D2:D1001,A5) -> 344 | C5: =COUNTIFS('Raw Data'!D2:D1001,A5,'Raw Data'!E2:E1001,TRUE()) -> 170 | D5: =IF(B5=0,0,C5/B5) -> 0.49418605 | F5: People's Front | G5: =SUMIF('Raw Data'!I2:I1001,F5,'Raw Data'!K2:K1001) -> 165 | H5: =IF(SUM(G$3:G$5)=0,0,G5/SUM(G$3:G$5)) -> 0.33604888
A8: HOURLY CUMULATIVE TURNOUT
A9: Hour | B9: Votes This Hour | C9: Cumulative Votes
A10: 7:00 | B10: =COUNTIFS('Raw Data'!E2:E1001,TRUE(),'Raw Data'!L2:L1001,">="&DATE(2026,7,15)+TIME(7,0,0),'Raw Data'!L2:L1001,"<"&DATE(2026,7,15)+TIME(8,0,0)) -> 39 | C10: =B10 -> 39
A11: 8:00 | B11: =COUNTIFS('Raw Data'!E2:E1001,TRUE(),'Raw Data'!L2:L1001,">="&DATE(2026,7,15)+TIME(8,0,0),'Raw Data'!L2:L1001,"<"&DATE(2026,7,15)+TIME(9,0,0)) -> 57 | C11: =C10+B11 -> 96
A12: 9:00 | B12: =COUNTIFS('Raw Data'!E2:E1001,TRUE(),'Raw Data'!L2:L1001,">="&DATE(2026,7,15)+TIME(9,0,0),'Raw Data'!L2:L1001,"<"&DATE(2026,7,15)+TIME(10,0,0)) -> 46 | C12: =C11+B12 -> 142
A13: 10:00 | B13: =COUNTIFS('Raw Data'!E2:E1001,TRUE(),'Raw Data'!L2:L1001,">="&DATE(2026,7,15)+TIME(10,0,0),'Raw Data'!L2:L1001,"<"&DATE(2026,7,15)+TIME(11,0,0)) -> 42 | C13: =C12+B13 -> 184
A14: 11:00 | B14: =COUNTIFS('Raw Data'!E2:E1001,TRUE(),'Raw Data'!L2:L1001,">="&DATE(2026,7,15)+TIME(11,0,0),'Raw Data'!L2:L1001,"<"&DATE(2026,7,15)+TIME(12,0,0)) -> 54 | C14: =C13+B14 -> 238
A15: 12:00 | B15: =COUNTIFS('Raw Data'!E2:E1001,TRUE(),'Raw Data'!L2:L1001,">="&DATE(2026,7,15)+TIME(12,0,0),'Raw Data'!L2:L1001,"<"&DATE(2026,7,15)+TIME(13,0,0)) -> 44 | C15: =C14+B15 -> 282
A16: 13:00 | B16: =COUNTIFS('Raw Data'!E2:E1001,TRUE(),'Raw Data'!L2:L1001,">="&DATE(2026,7,15)+TIME(13,0,0),'Raw Data'!L2:L1001,"<"&DATE(2026,7,15)+TIME(14,0,0)) -> 40 | C16: =C15+B16 -> 322
A17: 14:00 | B17: =COUNTIFS('Raw Data'!E2:E1001,TRUE(),'Raw Data'!L2:L1001,">="&DATE(2026,7,15)+TIME(14,0,0),'Raw Data'!L2:L1001,"<"&DATE(2026,7,15)+TIME(15,0,0)) -> 45 | C17: =C16+B17 -> 367
A18: 15:00 | B18: =COUNTIFS('Raw Data'!E2:E1001,TRUE(),'Raw Data'!L2:L1001,">="&DATE(2026,7,15)+TIME(15,0,0),'Raw Data'!L2:L1001,"<"&DATE(2026,7,15)+TIME(16,0,0)) -> 34 | C18: =C17+B18 -> 401
A19: 16:00 | B19: =COUNTIFS('Raw Data'!E2:E1001,TRUE(),'Raw Data'!L2:L1001,">="&DATE(2026,7,15)+TIME(16,0,0),'Raw Data'!L2:L1001,"<"&DATE(2026,7,15)+TIME(17,0,0)) -> 43 | C19: =C18+B19 -> 444
A20: 17:00 | B20: =COUNTIFS('Raw Data'!E2:E1001,TRUE(),'Raw Data'!L2:L1001,">="&DATE(2026,7,15)+TIME(17,0,0),'Raw Data'!L2:L1001,"<"&DATE(2026,7,15)+TIME(18,0,0)) -> 47 | C20: =C19+B20 -> 491
A21: 18:00 | B21: =COUNTIFS('Raw Data'!E2:E1001,TRUE(),'Raw Data'!L2:L1001,">="&DATE(2026,7,15)+TIME(18,0,0),'Raw Data'!L2:L1001,"<"&DATE(2026,7,15)+TIME(19,0,0)) -> 0 | C21: =C20+B21 -> 491
A23: VOTER STATUS SUMMARY
A24: Status | B24: Count | C24: Percentage
A25: Approved | B25: =COUNTIF('Raw Data'!F2:F1001,"APPROVED") -> 303 | C25: =IF(SUM(B$25:B$27)=0,0,B25/SUM(B$25:B$27)) -> 0.303
A26: Pending | B26: =COUNTIF('Raw Data'!F2:F1001,"PENDING") -> 369 | C26: =IF(SUM(B$25:B$27)=0,0,B26/SUM(B$25:B$27)) -> 0.369
A27: Rejected | B27: =COUNTIF('Raw Data'!F2:F1001,"REJECTED") -> 328 | C27: =IF(SUM(B$25:B$27)=0,0,B27/SUM(B$25:B$27)) -> 0.328
